{
  "bestC": 0.1,
  "final_threshold": 0.6021265917179157,
  "n_train": 281,
  "cv_objective": "f1",
  "cv_n_splits": 5,
  "cv_seed": 42,
  "cv_beta": null,
  "cv_min_precision": 0.9,
  "cv_mean_metrics": {
    "f1": 0.6166611095674724,
    "pr_auc": 0.86096020157253,
    "roc_auc": 0.9115688612609795,
    "brier": 0.09637626176674954,
    "precision": 0.7485618279569893,
    "recall": 0.6147783251231528,
    "thr": 0.6021265917179157
  },
  "test_metrics": {
    "f1": 0.8979591836734694,
    "pr_auc": 0.9523234102375586,
    "roc_auc": 0.9604591836734694,
    "brier": 0.06955116144964602,
    "precision": 0.8979591836734694,
    "recall": 0.8979591836734694,
    "by_answer_type": {
      "unknown": {
        "support": 97,
        "precision": 0.8979591836734694,
        "recall": 0.8979591836734694,
        "f1": 0.8979591836734694,
        "pr_auc": 0.9523234102375586
      }
    }
  }
}