{
  "bestC": 3.0,
  "final_threshold": 0.5715076154387433,
  "n_train": 281,
  "feature_names_count": 72,
  "feature_fingerprint": "e8b783b577ce3d1b258793744febda3480f75e99119ec08bbc56d5b190b82500",
  "solver": "lbfgs",
  "penalty": "l2",
  "standardize": true,
  "class_weight": "balanced",
  "max_iter": 2000,
  "tag": "v1.0-trainset_v3",
  "use_embed_alignment": true,
  "featurization_meta": {
    "feature_config": {
      "drop": [],
      "keep_prefixes": null
    },
    "metrics_config": {
      "enable_pos_metrics": true,
      "enable_inference_signal": true
    },
    "boolean_allowlist": [
      "inference_likely"
    ]
  },
  "test": {
    "f1": 0.9306930693069307,
    "pr_auc": 0.8897334545113667,
    "roc_auc": 0.9443027210884354,
    "brier": 0.06264303236724572,
    "precision": 0.9038461538461539,
    "recall": 0.9591836734693877
  }
}